physician_name,physician_id,physician_dob,physician_grad_year,medical_school,salary
Phạm Thị Ngọc,0,1970-02-22,2000-02-22,Đại học Y Dược Cần Thơ,309534.15507605654
Đồng Văn Minh,1,1982-12-22,2012-12-22,Trường Đại học Y khoa Vinh,281114.5035585275
Bùi Văn An,2,1959-06-03,1989-06-03,Đại học Y Dược Hải Phòng,305845.5846360554
Ngô Thị Kim,3,1965-06-15,1995-06-15,Đại học Y Dược TP. Hồ Chí Minh,295239.7666886809
Hồ Thị Kim DDS,4,1978-10-19,2008-10-19,Đại học Y Dược TP. Hồ Chí Minh,298751.35520122456
Vũ Văn Oanh,5,1989-11-04,2019-11-04,Trường Đại học Y khoa Vinh,316681.6994348657
Lê Thị Hạnh,6,1957-12-24,1987-12-24,Đại học Y Dược Đà Nẵng,283743.0262683436
Đặng Văn Nam,7,1987-03-12,2017-03-12,Đại học Y Dược TP. Hồ Chí Minh,319166.7313781032
Đào Thị Hương,8,1983-04-02,2013-04-02,Đại học Y Dược Cần Thơ,347019.2359991686
Nguyễn Thị Lan,9,1989-06-02,2019-06-02,Trường Y Dược - Đại học Quốc gia Hà Nội,310293.2724885527
Trần Văn Dũng,10,1974-01-22,2004-01-22,Đại học Y Dược Hải Phòng,276537.129441826
Lê Thị Bình,11,1988-11-08,2018-11-08,Đại học Y Dược TP. Hồ Chí Minh,281549.4596598061
Hồ Thị Ánh,12,1951-12-30,1981-12-30,Đại học Y khoa Phạm Ngọc Thạch,292552.1129764465
Lâm Thị Hồng,13,1951-11-30,1981-11-30,Đại học Y Dược Cần Thơ,282153.29108791304
Nguyễn Văn Minh,14,1969-09-04,1999-09-04,Trường Đại học Y khoa Vinh,270264.5907116985
Dương Văn Long,15,1989-09-25,2019-09-25,Đại học Y Dược TP. Hồ Chí Minh,304632.2183088508
Nguyễn Thị Hoa DVM,16,1988-02-14,2018-02-14,Đại học Y Dược Đà Nẵng,293364.08004822605
Lưu Văn Long,17,1970-04-06,2000-04-06,Trường Đại học Y Hà Nội,305691.62650674174
Đặng Thị Dung,18,1961-06-03,1991-06-03,Đại học Y Dược Đà Nẵng,335591.62236645864
Lâm Thị Vân,19,1961-12-09,1991-12-09,Đại học Y Dược TP. Hồ Chí Minh,292909.4149822692
Phạm Văn Em,20,1956-11-07,1986-11-07,Trường Y Dược - Đại học Quốc gia Hà Nội,264437.3998595907
Hồ Văn Dũng,21,1965-01-08,1995-01-08,Đại học Y khoa Phạm Ngọc Thạch,288033.2252323935
Trần Thị Thu,22,1972-10-27,2002-10-27,Trường Đại học Y Hà Nội,323112.75651349925
Huỳnh Thị Ngọc,23,1962-04-19,1992-04-19,Đại học Y khoa Phạm Ngọc Thạch,320303.1081215087
Đặng Văn Vinh,24,1980-06-22,2010-06-22,Trường Đại học Y khoa Vinh,315559.189428407
Lâm Văn Phúc,25,1970-12-13,2000-12-13,Trường Đại học Y Hà Nội,281258.7983051369
Đào Văn Sơn,26,1953-03-13,1983-03-13,Đại học Y Dược TP. Hồ Chí Minh,322557.07854098093
Dương Văn Phúc,27,1952-11-28,1982-11-28,Đại học Y Dược Thái Nguyên,329306.972341112
Hồ Thị Ánh,28,1980-08-05,2010-08-05,Đại học Y Dược Hải Phòng,279137.3511033007
Trần Văn Phúc,29,1962-12-13,1992-12-13,Đại học Y Dược Cần Thơ,298752.89707372425
Bùi Văn Khánh,30,1975-08-06,2005-08-06,Đại học Y Dược Cần Thơ,360612.05891046335
Lê Thị Yến,31,1964-08-09,1994-08-09,Trường Đại học Y Hà Nội,277803.7717060984
Vũ Văn Em,32,1974-06-08,2004-06-08,Đại học Y Dược Thái Nguyên,248847.39992268823
Phạm Văn Quân,33,1961-11-09,1991-11-09,Đại học Y Dược Huế,341487.13303394394
Huỳnh Văn Oanh,34,1968-08-15,1998-08-15,Đại học Y khoa Phạm Ngọc Thạch,334098.1431511368
Hoàng Thị Hương,35,1963-04-09,1993-04-09,Trường Đại học Y khoa Vinh,286290.98029267724
Đồng Văn Em,36,1968-06-06,1998-06-06,Đại học Y khoa Phạm Ngọc Thạch,296610.2465439574
Huỳnh Thị Kim,37,1992-01-29,2022-01-29,Đại học Y Dược Hải Phòng,263251.94849433145
Trần Thị Ngọc,38,1956-12-14,1986-12-14,Trường Y Dược - Đại học Quốc gia Hà Nội,302668.5681782911
Võ Văn Phong,39,1969-04-27,1999-04-27,Đại học Y Dược Huế,334977.411461142
Lê Thị Dung,40,1981-07-13,2011-07-13,Đại học Y Dược Huế,283721.85474725167
Bùi Văn Tài,41,1981-06-20,2011-06-20,Đại học Y Dược Hải Phòng,326313.0593635888
Huỳnh Thị Thảo,42,1954-03-23,1984-03-23,Đại học Y Dược Hải Phòng,313911.715721713
Đỗ Thị Quỳnh,43,1988-03-26,2018-03-26,Trường Y Dược - Đại học Quốc gia Hà Nội,317334.50672643416
Nguyễn Thị Yến,44,1967-04-15,1997-04-15,Trường Đại học Y khoa Vinh,285470.72458240896
Đỗ Văn Nam,45,1987-10-21,2017-10-21,Trường Đại học Y Hà Nội,289361.27451199514
Đồng Văn Tuấn,46,1976-03-25,2006-03-25,Đại học Y Dược TP. Hồ Chí Minh,244596.82696585797
Đỗ Văn Tài,47,1973-10-18,2003-10-18,Đại học Y Dược Cần Thơ,282999.91762469686
Bùi Văn Sơn,48,1970-07-09,2000-07-09,Trường Đại học Y Hà Nội,334904.5637409378
Vũ Văn Tài,49,1961-10-22,1991-10-22,Đại học Y Dược TP. Hồ Chí Minh,272120.0341769318
Phan Văn Tuấn,50,1953-08-17,1983-08-17,Trường Đại học Y Hà Nội,276590.95038429287
Dương Thị Thu,51,1958-08-08,1988-08-08,Đại học Y khoa Phạm Ngọc Thạch,319205.6947112137
Đồng Văn Long,52,1954-12-16,1984-12-16,Đại học Y Dược Huế,312083.0487597928
Trần Thị Bình,53,1968-01-15,1998-01-15,Trường Đại học Y Hà Nội,320695.89749388903
Bùi Văn Tuấn,54,1964-07-07,1994-07-07,Đại học Y Dược Thái Nguyên,265103.3837972879
Lưu Thị Mai,55,1992-05-25,2022-05-25,Đại học Y Dược Cần Thơ,376921.7384790104
Đỗ Thị Mai,56,1982-01-27,2012-01-27,Đại học Y Dược Đà Nẵng,263527.3987749825
Đào Thị Yến,57,1963-01-01,1993-01-01,Đại học Y Dược Cần Thơ,304627.41941202205
Đồng Văn Oanh,58,1975-11-01,2005-11-01,Đại học Y Dược TP. Hồ Chí Minh,295240.3351239424
Phan Thị Uyên,59,1960-02-27,1990-02-27,Trường Y Dược - Đại học Quốc gia Hà Nội,264400.7544790486
Đào Văn Tài,60,1985-11-29,2015-11-29,Trường Y Dược - Đại học Quốc gia Hà Nội,288893.7173156025
Dương Thị Dung,61,1976-03-21,2006-03-21,Đại học Y Dược Hải Phòng,300699.2280265761
Ngô Thị Lan,62,1977-10-16,2007-10-16,Đại học Y Dược Cần Thơ,280500.8036440959
Đặng Văn Dũng,63,1967-11-18,1997-11-18,Đại học Y Dược Hải Phòng,328116.7086460455
Hồ Thị Bình,64,1977-11-23,2007-11-23,Đại học Y Dược Hải Phòng,295151.22763612587
Đào Thị Bình,65,1990-03-15,2020-03-15,Đại học Y Dược Thái Nguyên,259761.7598694514
Võ Thị Bình,66,1951-05-20,1981-05-20,Đại học Y Dược Thái Nguyên,257216.2340199211
Hồ Thị Phương,67,1953-04-29,1983-04-29,Đại học Y khoa Phạm Ngọc Thạch,318184.9527183437
Phan Văn Phúc,68,1954-03-12,1984-03-12,Trường Đại học Y khoa Vinh,255396.8765189899
Ngô Văn Em,69,1952-04-03,1982-04-03,Trường Đại học Y Hà Nội,309492.78219147254
Hoàng Thị Yến,70,1963-10-09,1993-10-09,Đại học Y khoa Phạm Ngọc Thạch,313339.6555700088
Đồng Văn An MD,71,1986-10-07,2016-10-07,Trường Đại học Y khoa Vinh,270139.3390822795
Ngô Thị Dung,72,1955-10-07,1985-10-07,Trường Y Dược - Đại học Quốc gia Hà Nội,326722.14251324674
Đồng Thị Uyên,73,1959-12-07,1989-12-07,Đại học Y khoa Phạm Ngọc Thạch,248466.19128715104
Phạm Văn Giang,74,1985-07-08,2015-07-08,Đại học Y Dược Cần Thơ,308893.7680199568
Phạm Thị Quỳnh,75,1955-01-27,1985-01-27,Đại học Y Dược TP. Hồ Chí Minh,298774.2619921197
Bùi Văn Hải,76,1963-06-12,1993-06-12,Đại học Y Dược Thái Nguyên,296430.0607280732
Đỗ Văn Khánh,77,1980-02-16,2010-02-16,Đại học Y Dược Đà Nẵng,264663.1007105828
Lâm Thị Hoa,78,1987-11-26,2017-11-26,Đại học Y khoa Phạm Ngọc Thạch,271889.3398680022
Lý Văn Quân,79,1982-01-17,2012-01-17,Đại học Y Dược Cần Thơ,348564.06075061794
Bùi Văn Phúc,80,1993-02-25,2023-02-25,Đại học Y Dược TP. Hồ Chí Minh,336454.65026615263
Lý Thị Thảo,81,1966-12-13,1996-12-13,Đại học Y Dược Cần Thơ,322262.537655714
Hoàng Văn Khánh,82,1965-06-16,1995-06-16,Đại học Y Dược Hải Phòng,328195.44310589065
Lê Thị Hạnh,83,1976-04-02,2006-04-02,Đại học Y Dược Huế,325380.40634013806
Vũ Văn Minh,84,1982-05-22,2012-05-22,Trường Y Dược - Đại học Quốc gia Hà Nội,290299.31363141374
Huỳnh Thị Hồng,85,1972-01-19,2002-01-19,Trường Đại học Y khoa Vinh,301428.10655443056
Dương Văn Minh,86,1959-02-13,1989-02-13,Đại học Y Dược Thái Nguyên,255824.7486587697
Lý Văn Oanh,87,1973-09-19,2003-09-19,Đại học Y Dược Hải Phòng,297309.13119577424
Phạm Văn Tài,88,1969-06-24,1999-06-24,Trường Y Dược - Đại học Quốc gia Hà Nội,335502.4274861756
Ngô Thị Mai,89,1986-06-24,2016-06-24,Đại học Y Dược Thái Nguyên,280178.78255228593
Huỳnh Thị Uyên,90,1953-09-15,1983-09-15,Đại học Y Dược Hải Phòng,330694.2361406168
Lưu Thị Bình,91,1980-01-19,2010-01-19,Đại học Y Dược Đà Nẵng,302747.5721608129
Đào Văn Nam,92,1980-03-07,2010-03-07,Đại học Y Dược Huế,258438.84402990804
Vũ Thị Thu,93,1951-10-30,1981-10-30,Trường Đại học Y Hà Nội,266780.41459961067
Bùi Văn Nam MD,94,1975-07-26,2005-07-26,Trường Đại học Y khoa Vinh,327579.08609123266
Lâm Văn Phúc,95,1987-05-26,2017-05-26,Đại học Y khoa Phạm Ngọc Thạch,316575.7225577516
Hoàng Thị Quỳnh,96,1960-03-08,1990-03-08,Trường Đại học Y khoa Vinh,303052.9221896288
Đặng Thị Oanh,97,1970-06-28,2000-06-28,Đại học Y Dược Hải Phòng,291779.0455725616
Trần Văn Phong,98,1951-06-24,1981-06-24,Đại học Y Dược TP. Hồ Chí Minh,306317.0393288576
Trần Thị Ngọc,99,1963-08-05,1993-08-05,Đại học Y Dược Huế,326408.88747759745
Huỳnh Văn Nam,100,1963-03-29,1993-03-29,Đại học Y khoa Phạm Ngọc Thạch,344275.5984146185
Ngô Thị Lan,101,1966-07-18,1996-07-18,Đại học Y Dược Đà Nẵng,345710.52598321816
Hồ Văn An,102,1990-08-16,2020-08-16,Trường Y Dược - Đại học Quốc gia Hà Nội,311158.79702275497
Phan Thị Thảo,103,1970-01-08,2000-01-08,Đại học Y Dược Cần Thơ,294842.0492890644
Đỗ Thị Ngọc,104,1964-07-26,1994-07-26,Đại học Y Dược Cần Thơ,304387.44023456564
Đồng Thị Lan,105,1986-03-09,2016-03-09,Đại học Y Dược TP. Hồ Chí Minh,315663.6107176524
Dương Thị Uyên,106,1957-08-11,1987-08-11,Đại học Y Dược Đà Nẵng,315542.0083153527
Lê Văn Tuấn,107,1954-05-01,1984-05-01,Đại học Y Dược Huế,339239.5991142031
Đỗ Thị Phương,108,1984-09-16,2014-09-16,Đại học Y Dược TP. Hồ Chí Minh,363472.6716574996
Võ Thị Dung,109,1965-08-23,1995-08-23,Đại học Y Dược Hải Phòng,293842.3611115774
Bùi Văn Minh,110,1963-02-26,1993-02-26,Đại học Y Dược Đà Nẵng,364676.5472647339
Lưu Văn Tài,111,1977-10-02,2007-10-02,Đại học Y Dược Hải Phòng,335167.1774027518
Lưu Văn Tài,112,1950-01-10,1980-01-10,Đại học Y Dược Hải Phòng,296975.31029444374
Lâm Thị Mai,113,1964-01-12,1994-01-12,Đại học Y Dược TP. Hồ Chí Minh,344956.9451659524
Nguyễn Thị Lan,114,1952-10-12,1982-10-12,Đại học Y Dược TP. Hồ Chí Minh,350569.44904257497
Vũ Văn Bình,115,1956-01-03,1986-01-03,Trường Y Dược - Đại học Quốc gia Hà Nội,286191.1366741846
Lý Văn Phong,116,1973-01-15,2003-01-15,Đại học Y khoa Phạm Ngọc Thạch,351966.45757456945
Trần Văn Hùng,117,1987-02-06,2017-02-06,Trường Y Dược - Đại học Quốc gia Hà Nội,332252.4846310789
Đồng Văn Hải,118,1989-09-25,2019-09-25,Đại học Y Dược TP. Hồ Chí Minh,371056.77383937576
Hoàng Thị Quỳnh,119,1961-05-21,1991-05-21,Đại học Y khoa Phạm Ngọc Thạch,287278.84254001506
Ngô Văn Dũng,120,1969-01-31,1999-01-31,Đại học Y Dược Cần Thơ,289397.1976879201
Bùi Thị Mai,121,1968-12-30,1998-12-30,Đại học Y Dược TP. Hồ Chí Minh,239200.1361076998
Đặng Văn Cường,122,1987-09-16,2017-09-16,Đại học Y Dược Huế,317135.81761703885
Vũ Thị Yến,123,1978-04-28,2008-04-28,Trường Đại học Y Hà Nội,311257.5376685616
Đỗ Văn Tài,124,1969-11-23,1999-11-23,Đại học Y Dược Hải Phòng,283110.18985393
Lưu Văn Sơn,125,1973-10-29,2003-10-29,Trường Đại học Y khoa Vinh,297544.4780553583
Bùi Thị Vân,126,1951-01-20,1981-01-20,Trường Y Dược - Đại học Quốc gia Hà Nội,260663.3696947465
Hoàng Thị Dung,127,1951-02-09,1981-02-09,Trường Y Dược - Đại học Quốc gia Hà Nội,335953.3485849505
Lâm Thị Hồng,128,1972-05-20,2002-05-20,Trường Đại học Y Hà Nội,285309.0157641507
Bùi Văn Quân,129,1991-07-03,2021-07-03,Đại học Y khoa Phạm Ngọc Thạch,392821.47046862857
Dương Văn Hải,130,1984-12-11,2014-12-11,Đại học Y Dược Đà Nẵng,294731.960978669
Hoàng Thị Quỳnh,131,1976-12-30,2006-12-30,Đại học Y Dược Thái Nguyên,277211.4347685507
Phạm Văn Giang,132,1966-05-26,1996-05-26,Đại học Y Dược Huế,287630.6064379541
Dương Thị Phương,133,1991-05-12,2021-05-12,Đại học Y Dược Đà Nẵng,257641.17070367243
Hồ Thị Vân,134,1959-12-16,1989-12-16,Đại học Y Dược Đà Nẵng,314468.1567210883
Trần Thị Bình,135,1979-11-21,2009-11-21,Trường Y Dược - Đại học Quốc gia Hà Nội,287403.0090066263
Dương Văn An,136,1963-03-03,1993-03-03,Đại học Y Dược Thái Nguyên,333937.5837119321
Hồ Thị Quỳnh,137,1986-11-04,2016-11-04,Đại học Y Dược Cần Thơ,291757.57514476747
Bùi Văn Hùng,138,1992-04-14,2022-04-14,Trường Đại học Y khoa Vinh,341533.2633505694
Bùi Văn Quân,139,1966-06-03,1996-06-03,Đại học Y Dược Hải Phòng,322723.67247951124
Phạm Văn Phúc,140,1955-08-11,1985-08-11,Đại học Y Dược TP. Hồ Chí Minh,300857.9033015503
Bùi Thị Uyên,141,1983-10-13,2013-10-13,Đại học Y Dược Cần Thơ,347406.97762052465
Đồng Văn Sơn,142,1962-06-11,1992-06-11,Đại học Y khoa Phạm Ngọc Thạch,328568.8038311163
Đỗ Văn Em,143,1963-08-17,1993-08-17,Đại học Y Dược TP. Hồ Chí Minh,388386.3847998968
Võ Thị Kim,144,1984-12-23,2014-12-23,Đại học Y Dược TP. Hồ Chí Minh,287716.34265065385
Phan Thị Kim,145,1977-06-03,2007-06-03,Đại học Y Dược Thái Nguyên,302298.4831637538
Lưu Văn An,146,1959-05-13,1989-05-13,Đại học Y Dược Cần Thơ,347061.2703303279
Dương Văn Giang,147,1989-07-05,2019-07-05,Đại học Y Dược Cần Thơ,253693.86564494664
Bùi Văn Em,148,1969-10-27,1999-10-27,Đại học Y khoa Phạm Ngọc Thạch,339508.3068969769
Bùi Thị Oanh,149,1989-09-02,2019-09-02,Đại học Y Dược Huế,313179.08273044415
Ngô Văn Sơn,150,1978-05-11,2008-05-11,Đại học Y Dược Cần Thơ,273353.67733658256
Lý Thị Quỳnh,151,1961-12-12,1991-12-12,Đại học Y Dược Huế,259108.81024346637
Đào Văn Dũng,152,1977-11-11,2007-11-11,Đại học Y khoa Phạm Ngọc Thạch,279825.3158060915
Lâm Văn Tuấn,153,1973-01-27,2003-01-27,Đại học Y Dược Cần Thơ,231455.41283023285
Bùi Thị Phương,154,1973-06-29,2003-06-29,Trường Đại học Y Hà Nội,285313.8166892549
Huỳnh Thị Uyên,155,1963-04-21,1993-04-21,Đại học Y Dược Hải Phòng,318676.6900002775
Lý Thị Oanh,156,1977-06-28,2007-06-28,Trường Y Dược - Đại học Quốc gia Hà Nội,285710.9807709352
Võ Thị Vân,157,1991-10-07,2021-10-07,Đại học Y Dược Cần Thơ,341649.38104301423
Hoàng Văn Giang,158,1981-05-28,2011-05-28,Đại học Y Dược TP. Hồ Chí Minh,349798.4280817586
Đặng Văn Minh,159,1953-06-06,1983-06-06,Trường Đại học Y khoa Vinh,338269.33447877323
Bùi Văn Phúc,160,1969-02-26,1999-02-26,Trường Y Dược - Đại học Quốc gia Hà Nội,306919.22730793094
Lê Thị Ánh,161,1983-05-01,2013-05-01,Đại học Y Dược Huế,230259.62182540592
Hồ Thị Vân,162,1962-10-18,1992-10-18,Đại học Y Dược TP. Hồ Chí Minh,278889.0752390218
Ngô Thị Bình,163,1993-03-17,2023-03-17,Đại học Y khoa Phạm Ngọc Thạch,295738.8441967684
Vũ Thị Thu,164,1985-09-25,2015-09-25,Trường Đại học Y Hà Nội,273183.9705148557
Trần Văn Quân,165,1968-11-03,1998-11-03,Đại học Y khoa Phạm Ngọc Thạch,295814.8357354029
Đồng Thị Yến,166,1969-01-10,1999-01-10,Đại học Y Dược Thái Nguyên,348302.02406080137
Đặng Văn Minh,167,1976-01-26,2006-01-26,Trường Y Dược - Đại học Quốc gia Hà Nội,250626.70411454045
Phạm Thị Vân,168,1971-12-14,2001-12-14,Đại học Y Dược Huế,354350.7616835708
Đào Thị Oanh,169,1969-01-02,1999-01-02,Trường Đại học Y khoa Vinh,326541.79265262414
Vũ Văn Hùng,170,1977-12-14,2007-12-14,Đại học Y Dược Hải Phòng,308046.5042483309
Lý Thị Hạnh,171,1976-02-24,2006-02-24,Đại học Y Dược Đà Nẵng,278591.5033277771
Đào Thị Thu,172,1962-09-12,1992-09-12,Đại học Y Dược Hải Phòng,273781.4896352572
Võ Thị Hoa,173,1963-04-17,1993-04-17,Đại học Y Dược TP. Hồ Chí Minh,251213.4685623378
Lâm Văn Hùng,174,1978-04-04,2008-04-04,Đại học Y Dược Thái Nguyên,351502.9644094316
Hoàng Văn Quân,175,1963-05-25,1993-05-25,Đại học Y khoa Phạm Ngọc Thạch,346128.34680222126
Hồ Văn Nam,176,1969-04-14,1999-04-14,Trường Đại học Y Hà Nội,257811.46114250156
Lê Văn An,177,1961-05-27,1991-05-27,Đại học Y Dược Đà Nẵng,283421.16015281394
Lý Văn Giang,178,1971-09-29,2001-09-29,Trường Đại học Y khoa Vinh,312994.3430769573
Lê Thị Dung,179,1989-05-24,2019-05-24,Đại học Y Dược Hải Phòng,291014.7258548338
Đào Thị Yến,180,1965-04-01,1995-04-01,Trường Đại học Y Hà Nội,242439.75728904543
Lưu Thị Hương,181,1961-10-10,1991-10-10,Đại học Y Dược Đà Nẵng,280266.8171833294
Phạm Văn Sơn,182,1967-03-02,1997-03-02,Trường Đại học Y khoa Vinh,358531.0289406006
Đào Văn Tài,183,1960-06-15,1990-06-15,Đại học Y Dược TP. Hồ Chí Minh,282300.6422875667
Huỳnh Văn Quân,184,1982-11-24,2012-11-24,Trường Đại học Y Hà Nội,295095.9798989338
Lâm Thị Thu,185,1983-07-01,2013-07-01,Đại học Y Dược Cần Thơ,265644.6772789386
Đặng Văn Khánh,186,1967-02-15,1997-02-15,Đại học Y Dược TP. Hồ Chí Minh,317632.8895585124
Đồng Thị Ánh,187,1970-02-15,2000-02-15,Đại học Y khoa Phạm Ngọc Thạch,303454.5539707375
Huỳnh Văn Hùng,188,1991-07-28,2021-07-28,Trường Đại học Y khoa Vinh,277739.40775329067
Đồng Thị Bình,189,1967-01-30,1997-01-30,Đại học Y Dược Cần Thơ,260860.33812577729
Võ Văn Minh,190,1966-09-04,1996-09-04,Đại học Y Dược Thái Nguyên,342136.3012203263
Huỳnh Văn Hùng,191,1981-11-11,2011-11-11,Đại học Y Dược Đà Nẵng,251833.6978007676
Phan Văn Vinh,192,1984-08-17,2014-08-17,Trường Đại học Y Hà Nội,315114.4708676867
Nguyễn Văn Khánh MD,193,1977-02-19,2007-02-19,Đại học Y Dược Cần Thơ,235383.6226586528
Phan Thị Mai,194,1973-03-13,2003-03-13,Đại học Y Dược Cần Thơ,321216.35049037146
Lưu Thị Thảo,195,1958-12-11,1988-12-11,Trường Đại học Y Hà Nội,329108.9666178018
Võ Thị Dung,196,1951-10-29,1981-10-29,Đại học Y Dược Đà Nẵng,332843.5113491974
Đỗ Thị Cẩm,197,1961-06-20,1991-06-20,Trường Đại học Y khoa Vinh,295163.745942904
Đặng Thị Thảo,198,1977-10-27,2007-10-27,Đại học Y Dược Thái Nguyên,347520.1081669109
Đồng Văn Em,199,1980-12-23,2010-12-23,Trường Đại học Y Hà Nội,369233.750849882
Phan Thị Bình,200,1985-04-18,2015-04-18,Đại học Y Dược Đà Nẵng,290351.3059186211
Hồ Thị Vân,201,1963-01-30,1993-01-30,Đại học Y Dược Cần Thơ,286469.8490961022
Hoàng Văn Cường,202,1960-09-05,1990-09-05,Trường Đại học Y khoa Vinh,304475.31781034806
Lưu Văn Giang,203,1987-07-22,2017-07-22,Đại học Y Dược Hải Phòng,285669.5956231738
Ngô Văn Vinh,204,1969-02-11,1999-02-11,Đại học Y khoa Phạm Ngọc Thạch,281283.8941196964
Vũ Văn Long,205,1967-06-17,1997-06-17,Đại học Y Dược Cần Thơ,283897.8437927547
Nguyễn Thị Kim,206,1977-10-26,2007-10-26,Đại học Y Dược Đà Nẵng,351472.6802401873
Lâm Thị Cẩm,207,1988-09-02,2018-09-02,Đại học Y Dược Thái Nguyên,323156.459851063
Hồ Văn Nam,208,1994-07-31,2024-07-31,Đại học Y Dược Huế,285571.61618225725
Trần Thị Hồng,209,1978-09-19,2008-09-19,Đại học Y Dược Thái Nguyên,226346.24922833144
Lưu Thị Cẩm,210,1964-05-07,1994-05-07,Trường Đại học Y Hà Nội,253666.065191806
Lưu Văn Tuấn,211,1978-08-15,2008-08-15,Trường Y Dược - Đại học Quốc gia Hà Nội,315102.87247805635
Bùi Thị Quỳnh,212,1978-09-09,2008-09-09,Trường Y Dược - Đại học Quốc gia Hà Nội,236353.32175833549
Vũ Văn Giang,213,1983-12-08,2013-12-08,Đại học Y Dược Thái Nguyên,308789.80582355865
Đặng Thị Hạnh,214,1962-02-19,1992-02-19,Đại học Y khoa Phạm Ngọc Thạch,268033.08825404925
Đỗ Văn Tuấn,215,1987-02-24,2017-02-24,Đại học Y Dược Hải Phòng,302754.1732374202
Đỗ Thị Bình,216,1988-10-26,2018-10-26,Đại học Y khoa Phạm Ngọc Thạch,301915.6890400243
Hoàng Văn Nam,217,1950-10-30,1980-10-30,Đại học Y Dược Đà Nẵng,303617.6980167213
Đỗ Thị Yến,218,1950-02-25,1980-02-25,Đại học Y khoa Phạm Ngọc Thạch,288167.3445876444
Đào Văn Quân,219,1985-08-18,2015-08-18,Trường Đại học Y Hà Nội,287181.43123176805
Nguyễn Văn Sơn,220,1973-11-13,2003-11-13,Đại học Y Dược Đà Nẵng,278376.28743190685
Trần Thị Mai,221,1972-04-25,2002-04-25,Đại học Y Dược Đà Nẵng,314516.7695172567
Hồ Thị Hương,222,1955-10-27,1985-10-27,Đại học Y khoa Phạm Ngọc Thạch,324155.7802434284
Lê Thị Dung,223,1981-06-06,2011-06-06,Trường Đại học Y khoa Vinh,263430.8243239162
Vũ Thị Bình,224,1993-02-09,2023-02-09,Đại học Y Dược Thái Nguyên,298451.1458312319
Phạm Thị Phương,225,1968-08-23,1998-08-23,Đại học Y Dược TP. Hồ Chí Minh,305897.4622046321
Bùi Văn Hải,226,1962-08-27,1992-08-27,Trường Đại học Y khoa Vinh,305513.13403869123
Ngô Văn Phúc,227,1991-03-01,2021-03-01,Đại học Y khoa Phạm Ngọc Thạch,305003.0885878956
Hoàng Thị Hồng,228,1987-04-20,2017-04-20,Đại học Y Dược Hải Phòng,287938.9556896433
Hồ Thị Hương,229,1964-01-14,1994-01-14,Trường Đại học Y khoa Vinh,308370.9127638762
Phan Thị Hạnh,230,1964-01-10,1994-01-10,Trường Y Dược - Đại học Quốc gia Hà Nội,318540.8613295086
Đỗ Thị Kim,231,1966-01-27,1996-01-27,Trường Đại học Y khoa Vinh,304231.0996746769
Võ Văn Nam,232,1954-03-12,1984-03-12,Đại học Y Dược Đà Nẵng,315178.19509601174
Lý Văn Vinh,233,1972-05-17,2002-05-17,Đại học Y Dược Huế,329710.60233112524
Vũ Thị Quỳnh,234,1971-01-04,2001-01-04,Trường Y Dược - Đại học Quốc gia Hà Nội,244471.78926314195
Ngô Thị Uyên,235,1968-11-04,1998-11-04,Đại học Y Dược Thái Nguyên,328303.915255961
Lý Văn Em,236,1955-03-22,1985-03-22,Đại học Y Dược Huế,310272.83295663825
Bùi Thị Kim,237,1958-06-14,1988-06-14,Trường Y Dược - Đại học Quốc gia Hà Nội,266651.2401678382
Đồng Văn Quân,238,1986-12-21,2016-12-21,Đại học Y Dược Thái Nguyên,324074.12646959064
Lâm Thị Phương,239,1972-04-27,2002-04-27,Trường Đại học Y khoa Vinh,288050.3728192811
Hoàng Thị Quỳnh,240,1965-09-29,1995-09-29,Đại học Y Dược Cần Thơ,292141.0069104434
Võ Thị Dung,241,1984-12-20,2014-12-20,Đại học Y Dược Đà Nẵng,284769.6065260301
Đặng Văn Sơn,242,1978-02-10,2008-02-10,Trường Y Dược - Đại học Quốc gia Hà Nội,309071.96532714675
Đỗ Thị Mai,243,1952-11-28,1982-11-28,Đại học Y khoa Phạm Ngọc Thạch,276439.40572463843
Đỗ Văn Tuấn,244,1967-01-21,1997-01-21,Đại học Y Dược Huế,327044.2388984336
Lý Văn Phúc,245,1991-06-22,2021-06-22,Đại học Y Dược Đà Nẵng,295834.1223841598
Đồng Thị Hương,246,1962-09-07,1992-09-07,Đại học Y Dược Huế,289073.92549536185
Lâm Thị Cẩm,247,1967-03-21,1997-03-21,Đại học Y Dược TP. Hồ Chí Minh,322586.2703284191
Đỗ Thị Bình,248,1959-11-06,1989-11-06,Trường Đại học Y Hà Nội,290413.2971304276
Vũ Thị Yến,249,1981-06-02,2011-06-02,Trường Đại học Y Hà Nội,328445.304760869
Võ Văn Minh,250,1966-11-21,1996-11-21,Đại học Y Dược Huế,329387.78852522594
Nguyễn Thị Vân,251,1976-10-26,2006-10-26,Đại học Y Dược TP. Hồ Chí Minh,259955.88485343067
Ngô Văn Phong,252,1970-09-14,2000-09-14,Đại học Y Dược Huế,333277.8060666877
Đồng Văn Hải,253,1972-08-11,2002-08-11,Đại học Y khoa Phạm Ngọc Thạch,256138.92085494343
Lưu Thị Hồng,254,1967-06-12,1997-06-12,Trường Y Dược - Đại học Quốc gia Hà Nội,335147.4158064753
Ngô Văn Em,255,1989-05-05,2019-05-05,Đại học Y Dược Huế,360850.7157669072
Đào Văn Bình,256,1985-05-07,2015-05-07,Trường Đại học Y Hà Nội,326245.03314807394
Phan Thị Thu,257,1971-10-01,2001-10-01,Trường Đại học Y khoa Vinh,235290.5806590098
Đỗ Văn Nam,258,1983-05-27,2013-05-27,Đại học Y Dược Huế,331906.9715815806
Võ Văn Hải,259,1993-01-23,2023-01-23,Trường Đại học Y Hà Nội,367383.86897808034
Trần Thị Quỳnh,260,1968-06-13,1998-06-13,Đại học Y Dược Thái Nguyên,290909.0507700591
Bùi Văn Bình,261,1993-07-27,2023-07-27,Trường Đại học Y khoa Vinh,298958.9003991033
Nguyễn Thị Phương,262,1956-10-08,1986-10-08,Đại học Y Dược Thái Nguyên,264345.398342207
Lý Văn Minh,263,1992-12-05,2022-12-05,Đại học Y Dược Đà Nẵng,309362.3825645901
Lê Văn Long,264,1954-10-28,1984-10-28,Trường Đại học Y khoa Vinh,338075.31547629385
Vũ Văn Phong,265,1977-11-02,2007-11-02,Đại học Y Dược Huế,320932.1138444836
Lê Văn Tuấn,266,1978-11-24,2008-11-24,Trường Đại học Y khoa Vinh,394259.00931863394
Lưu Văn Minh,267,1989-02-02,2019-02-02,Đại học Y Dược Cần Thơ,300990.8112889739
Vũ Văn Tuấn,268,1960-06-09,1990-06-09,Đại học Y khoa Phạm Ngọc Thạch,251079.7989775421
Vũ Văn Long,269,1954-05-25,1984-05-25,Đại học Y Dược Thái Nguyên,305129.1291470466
Đào Văn Phúc,270,1965-05-24,1995-05-24,Trường Y Dược - Đại học Quốc gia Hà Nội,227506.4470436253
Đặng Thị Vân,271,1968-07-12,1998-07-12,Đại học Y khoa Phạm Ngọc Thạch,284006.8822540646
Lê Thị Uyên,272,1981-10-18,2011-10-18,Đại học Y Dược Đà Nẵng,348731.4617580064
Trần Thị Vân,273,1978-12-29,2008-12-29,Đại học Y Dược Thái Nguyên,309754.0094589532
Hồ Văn Phong,274,1988-02-09,2018-02-09,Đại học Y Dược Thái Nguyên,305382.50438493805
Đào Thị Vân,275,1985-09-20,2015-09-20,Đại học Y Dược Hải Phòng,354623.4113014607
Trần Văn Tài,276,1957-02-03,1987-02-03,Trường Y Dược - Đại học Quốc gia Hà Nội,291882.0032500989
Dương Văn Sơn,277,1961-11-03,1991-11-03,Trường Đại học Y Hà Nội,337854.6123880233
Lý Thị Ánh,278,1979-07-15,2009-07-15,Đại học Y Dược Cần Thơ,303879.2092549902
Nguyễn Văn Oanh,279,1974-12-12,2004-12-12,Trường Đại học Y khoa Vinh,311401.4239037708
Võ Thị Hồng,280,1964-08-17,1994-08-17,Đại học Y Dược Cần Thơ,263480.8543241096
Lâm Văn Phúc,281,1994-11-15,2024-11-15,Đại học Y Dược Thái Nguyên,285538.5961551535
Hoàng Văn Hùng,282,1973-09-16,2003-09-16,Trường Đại học Y Hà Nội,258074.4530146838
Lý Thị Hạnh,283,1988-06-13,2018-06-13,Đại học Y Dược Huế,297142.64765323966
Hoàng Văn Giang,284,1974-03-13,2004-03-13,Trường Đại học Y khoa Vinh,311712.070317488
Hồ Văn Tuấn,285,1950-04-28,1980-04-28,Đại học Y Dược Cần Thơ,266698.8568472564
Ngô Thị Hồng,286,1988-02-08,2018-02-08,Đại học Y Dược Đà Nẵng,361475.3676805447
Dương Thị Uyên,287,1989-03-06,2019-03-06,Đại học Y Dược TP. Hồ Chí Minh,308343.18057275884
Trần Thị Dung,288,1986-03-27,2016-03-27,Đại học Y Dược Đà Nẵng,301733.86756755656
Bùi Thị Phương,289,1965-03-23,1995-03-23,Đại học Y Dược Đà Nẵng,323089.73254036874
Huỳnh Văn Minh,290,1952-04-26,1982-04-26,Đại học Y Dược Hải Phòng,275132.1575740224
Huỳnh Văn Hùng,291,1979-12-29,2009-12-29,Trường Đại học Y Hà Nội,304904.3243750236
Lưu Văn Dũng,292,1987-07-09,2017-07-09,Trường Đại học Y khoa Vinh,278494.01338927227
Ngô Thị Thảo DDS,293,1992-02-15,2022-02-15,Đại học Y Dược Hải Phòng,346760.3973026695
Dương Văn Nam,294,1987-08-21,2017-08-21,Đại học Y Dược Thái Nguyên,268240.81951808755
Huỳnh Văn Phong,295,1967-09-18,1997-09-18,Trường Đại học Y Hà Nội,301894.96377921524
Lê Văn An MD,296,1975-07-22,2005-07-22,Đại học Y Dược TP. Hồ Chí Minh,309879.4735545533
Bùi Văn Khánh,297,1985-02-05,2015-02-05,Đại học Y Dược Hải Phòng,311844.77233223105
Phạm Văn An,298,1961-07-10,1991-07-10,Đại học Y Dược Hải Phòng,282562.944807515
Ngô Văn An,299,1967-03-16,1997-03-16,Đại học Y khoa Phạm Ngọc Thạch,273134.71793564706
Phan Văn Em,300,1955-08-11,1985-08-11,Trường Đại học Y khoa Vinh,282996.144808617
Đỗ Văn Giang,301,1967-01-25,1997-01-25,Đại học Y Dược Đà Nẵng,315849.76302630844
Đồng Văn Oanh,302,1985-06-07,2015-06-07,Đại học Y Dược Hải Phòng,295684.6268726411
Lý Thị Hạnh,303,1984-07-08,2014-07-08,Đại học Y Dược Cần Thơ,323886.26425357565
Dương Thị Dung,304,1976-09-26,2006-09-26,Đại học Y Dược Hải Phòng,314310.1115818522
Lâm Thị Quỳnh,305,1955-01-03,1985-01-03,Trường Đại học Y Hà Nội,231692.61905701176
Đào Văn Cường,306,1955-04-02,1985-04-02,Trường Đại học Y Hà Nội,307424.93390511634
Đào Văn Quân,307,1969-02-18,1999-02-18,Trường Đại học Y Hà Nội,367513.6430344881
Hồ Thị Kim,308,1989-12-16,2019-12-16,Trường Đại học Y Hà Nội,339758.0715311499
Nguyễn Văn Hải,309,1985-07-13,2015-07-13,Trường Y Dược - Đại học Quốc gia Hà Nội,312660.3948212091
Lê Thị Bình,310,1950-01-10,1980-01-10,Đại học Y khoa Phạm Ngọc Thạch,268218.2360859017
Hoàng Văn Hải,311,1977-01-04,2007-01-04,Đại học Y Dược TP. Hồ Chí Minh,314326.6114837694
Trần Văn Giang,312,1956-01-29,1986-01-29,Trường Y Dược - Đại học Quốc gia Hà Nội,322192.4981963478
Phan Văn Oanh,313,1969-04-12,1999-04-12,Trường Đại học Y khoa Vinh,292387.59957517247
Đỗ Thị Phương,314,1964-06-23,1994-06-23,Trường Đại học Y khoa Vinh,309502.2617641331
Nguyễn Văn Giang,315,1954-06-08,1984-06-08,Đại học Y Dược TP. Hồ Chí Minh,345289.8737518812
Đào Thị Lan,316,1973-04-22,2003-04-22,Trường Đại học Y Hà Nội,274281.7674077482
Nguyễn Văn Tài,317,1953-09-04,1983-09-04,Đại học Y Dược TP. Hồ Chí Minh,268251.0118512262
Lâm Văn Tuấn,318,1978-12-08,2008-12-08,Đại học Y Dược TP. Hồ Chí Minh,320780.9797798264
Lý Thị Oanh,319,1988-12-18,2018-12-18,Đại học Y Dược Huế,313726.2790859424
Lưu Văn Phong,320,1959-07-23,1989-07-23,Đại học Y Dược Hải Phòng,330865.1488623844
Lý Thị Yến,321,1975-06-29,2005-06-29,Trường Đại học Y khoa Vinh,317093.8143571131
Đỗ Thị Hương,322,1971-11-11,2001-11-11,Đại học Y Dược Đà Nẵng,282967.3481047742
Vũ Thị Uyên,323,1983-06-16,2013-06-16,Đại học Y khoa Phạm Ngọc Thạch,312965.77954396216
Đặng Thị Ngọc,324,1950-08-24,1980-08-24,Đại học Y Dược Đà Nẵng,265736.2037011148
Lâm Thị Uyên,325,1977-10-27,2007-10-27,Trường Đại học Y khoa Vinh,292490.4386480102
Vũ Thị Mai,326,1955-03-24,1985-03-24,Đại học Y Dược TP. Hồ Chí Minh,315083.97692899214
Phạm Văn Oanh,327,1973-06-16,2003-06-16,Đại học Y Dược Huế,289184.5734982833
Phan Thị Ánh,328,1959-09-01,1989-09-01,Trường Y Dược - Đại học Quốc gia Hà Nội,374041.5654668948
Lê Văn Tuấn,329,1964-05-23,1994-05-23,Trường Đại học Y Hà Nội,243234.47253529
Dương Văn Bình MD,330,1972-05-07,2002-05-07,Đại học Y Dược Huế,283575.28929003567
Huỳnh Thị Vân,331,1964-10-29,1994-10-29,Trường Y Dược - Đại học Quốc gia Hà Nội,271866.6049839027
Phạm Văn Dũng,332,1959-04-15,1989-04-15,Đại học Y khoa Phạm Ngọc Thạch,278989.5357762614
Hoàng Văn Khánh,333,1980-07-19,2010-07-19,Đại học Y Dược Cần Thơ,280710.0532955736
Phạm Thị Ngọc,334,1966-04-18,1996-04-18,Trường Y Dược - Đại học Quốc gia Hà Nội,260207.3793942302
Đỗ Thị Kim,335,1971-12-04,2001-12-04,Đại học Y khoa Phạm Ngọc Thạch,322581.0644571788
Hoàng Văn Hùng,336,1974-10-26,2004-10-26,Trường Đại học Y Hà Nội,283587.141078387
Lê Thị Hương,337,1992-07-03,2022-07-03,Đại học Y Dược Đà Nẵng,304907.20006765967
Đào Văn Long,338,1950-03-19,1980-03-19,Đại học Y Dược Hải Phòng,286955.22714269266
Lê Văn Minh,339,1970-09-30,2000-09-30,Đại học Y khoa Phạm Ngọc Thạch,279273.5876314137
Đỗ Thị Uyên,340,1988-06-30,2018-06-30,Trường Y Dược - Đại học Quốc gia Hà Nội,350168.3770826055
Lâm Văn Nam,341,1978-11-05,2008-11-05,Đại học Y Dược Hải Phòng,327687.9654662822
Đỗ Thị Phương,342,1976-01-15,2006-01-15,Trường Đại học Y Hà Nội,243953.9880013457
Hồ Thị Uyên,343,1969-01-04,1999-01-04,Đại học Y khoa Phạm Ngọc Thạch,240775.87654992336
Lý Văn Giang,344,1982-09-24,2012-09-24,Đại học Y Dược Hải Phòng,331278.2650690946
Lưu Văn An,345,1971-05-15,2001-05-15,Đại học Y Dược Cần Thơ,284404.39825353737
Lâm Thị Kim,346,1967-12-23,1997-12-23,Đại học Y Dược Thái Nguyên,250527.5299819733
Võ Văn Hải,347,1966-05-21,1996-05-21,Đại học Y Dược Đà Nẵng,331372.05397621024
Dương Thị Thảo,348,1962-10-15,1992-10-15,Trường Đại học Y khoa Vinh,305073.7215029727
Hồ Thị Yến,349,1975-02-23,2005-02-23,Đại học Y Dược Huế,307547.1325449696
Ngô Thị Mai,350,1956-01-02,1986-01-02,Đại học Y Dược TP. Hồ Chí Minh,324286.1781601772
Đặng Thị Ngọc,351,1953-06-02,1983-06-02,Đại học Y Dược Thái Nguyên,260700.6852515282
Lê Thị Hương,352,1980-10-16,2010-10-16,Đại học Y Dược Huế,251054.97535847503
Lý Thị Hoa,353,1985-01-07,2015-01-07,Trường Đại học Y khoa Vinh,347428.62884709606
Vũ Văn Tài,354,1960-02-05,1990-02-05,Đại học Y Dược TP. Hồ Chí Minh,256884.9971777312
Lâm Văn Vinh,355,1961-01-01,1991-01-01,Đại học Y Dược Huế,263332.86608773307
Ngô Văn Khánh,356,1980-12-11,2010-12-11,Đại học Y Dược Thái Nguyên,269326.938613627
Lưu Thị Quỳnh,357,1955-05-25,1985-05-25,Đại học Y Dược Thái Nguyên,362398.3777107156
Phan Văn Em,358,1972-12-20,2002-12-20,Đại học Y Dược Thái Nguyên,314801.4990123457
Lâm Văn Nam,359,1992-02-04,2022-02-04,Trường Y Dược - Đại học Quốc gia Hà Nội,328962.2392330614
Lâm Thị Hạnh,360,1965-11-06,1995-11-06,Đại học Y Dược Huế,305885.02636736183
Đồng Thị Thu,361,1964-10-22,1994-10-22,Trường Đại học Y Hà Nội,281943.383663963
Võ Thị Bình,362,1975-11-12,2005-11-12,Đại học Y Dược Đà Nẵng,318938.738497805
Lưu Văn Cường,363,1952-07-11,1982-07-11,Đại học Y Dược Huế,253301.5208760959
Hồ Thị Quỳnh,364,1951-02-24,1981-02-24,Trường Y Dược - Đại học Quốc gia Hà Nội,267141.4964371052
Lưu Văn Giang,365,1979-07-17,2009-07-17,Đại học Y Dược Hải Phòng,321989.25537784444
Dương Thị Mai,366,1953-01-25,1983-01-25,Đại học Y Dược Cần Thơ,259282.3430751966
Lê Thị Mai,367,1980-10-30,2010-10-30,Đại học Y Dược Hải Phòng,294327.5559251438
Hoàng Văn Giang,368,1956-05-25,1986-05-25,Đại học Y Dược Huế,295694.62966933765
Huỳnh Văn Hải,369,1964-09-17,1994-09-17,Trường Đại học Y Hà Nội,284140.1398998852
Trần Văn Giang,370,1956-02-22,1986-02-22,Đại học Y Dược Thái Nguyên,241466.44575453427
Nguyễn Thị Bình,371,1962-08-18,1992-08-18,Trường Đại học Y Hà Nội,281132.13326433924
Vũ Thị Ngọc,372,1988-03-08,2018-03-08,Đại học Y Dược Đà Nẵng,275250.94869202544
Đồng Thị Mai DVM,373,1980-05-27,2010-05-27,Đại học Y Dược Hải Phòng,304843.19589863095
Hoàng Thị Dung,374,1986-10-08,2016-10-08,Đại học Y Dược Cần Thơ,303314.71616098407
Vũ Văn Tuấn,375,1967-06-12,1997-06-12,Trường Y Dược - Đại học Quốc gia Hà Nội,311338.84379810625
Lý Văn Bình,376,1967-05-31,1997-05-31,Đại học Y khoa Phạm Ngọc Thạch,279720.41181076807
Đặng Văn Bình,377,1971-07-13,2001-07-13,Trường Đại học Y Hà Nội,315683.3385139768
Ngô Thị Mai,378,1958-11-03,1988-11-03,Đại học Y Dược TP. Hồ Chí Minh,253319.79801678951
Lưu Văn Quân,379,1989-05-18,2019-05-18,Đại học Y Dược Đà Nẵng,245342.85802042935
Phan Văn Nam,380,1957-12-01,1987-12-01,Trường Đại học Y Hà Nội,229932.8182750012
Võ Thị Mai,381,1960-04-14,1990-04-14,Đại học Y Dược Thái Nguyên,285021.08281284006
Võ Văn Sơn,382,1993-03-06,2023-03-06,Trường Y Dược - Đại học Quốc gia Hà Nội,277401.0532698433
Bùi Văn Cường,383,1957-04-28,1987-04-28,Đại học Y Dược TP. Hồ Chí Minh,323679.468355638
Dương Thị Hồng,384,1968-11-20,1998-11-20,Đại học Y Dược Thái Nguyên,280540.1223885339
Ngô Văn Long,385,1977-10-13,2007-10-13,Đại học Y Dược Đà Nẵng,308201.290438328
Lý Thị Phương DDS,386,1952-03-04,1982-03-04,Trường Y Dược - Đại học Quốc gia Hà Nội,324398.8972974923
Vũ Thị Ánh,387,1955-10-18,1985-10-18,Đại học Y Dược TP. Hồ Chí Minh,279410.42773052654
Huỳnh Văn Phúc,388,1965-10-28,1995-10-28,Trường Đại học Y khoa Vinh,308941.5663032153
Hoàng Văn Long,389,1983-09-03,2013-09-03,Đại học Y Dược Huế,330057.82646865584
Nguyễn Thị Bình,390,1988-10-01,2018-10-01,Đại học Y Dược Đà Nẵng,262855.116755833
Trần Văn Tuấn,391,1980-06-03,2010-06-03,Đại học Y Dược Thái Nguyên,300745.5701473393
Lâm Văn Nam,392,1979-07-17,2009-07-17,Đại học Y Dược Thái Nguyên,279538.9685040206
Đào Thị Mai,393,1981-03-16,2011-03-16,Đại học Y Dược Hải Phòng,264765.3035252058
Phạm Văn Bình,394,1985-08-04,2015-08-04,Đại học Y Dược Thái Nguyên,253906.44778529316
Dương Thị Hương,395,1952-03-25,1982-03-25,Đại học Y Dược Hải Phòng,264280.54283463897
Phan Thị Thảo,396,1978-11-11,2008-11-11,Trường Y Dược - Đại học Quốc gia Hà Nội,301800.8701725604
Lý Thị Bình,397,1956-09-09,1986-09-09,Đại học Y khoa Phạm Ngọc Thạch,251674.6663331476
Lê Thị Hạnh,398,1978-08-19,2008-08-19,Đại học Y Dược Cần Thơ,283478.1892773409
Lưu Văn Minh,399,1978-06-03,2008-06-03,Trường Đại học Y khoa Vinh,324395.8322055869
Đỗ Văn Vinh,400,1971-04-24,2001-04-24,Đại học Y Dược Huế,313470.3289025681
Ngô Văn Long,401,1981-05-31,2011-05-31,Đại học Y Dược TP. Hồ Chí Minh,284084.7713118553
Võ Văn Cường,402,1991-12-20,2021-12-20,Trường Đại học Y khoa Vinh,350690.7124007617
Nguyễn Văn Phong,403,1952-04-07,1982-04-07,Trường Đại học Y Hà Nội,356791.0924173498
Huỳnh Thị Thảo,404,1969-07-27,1999-07-27,Đại học Y Dược Cần Thơ,300783.6729461918
Đỗ Văn Nam,405,1962-03-10,1992-03-10,Đại học Y Dược TP. Hồ Chí Minh,225943.71252347075
Huỳnh Văn Phong,406,1992-01-04,2022-01-04,Đại học Y Dược Đà Nẵng,326593.4459104878
Đào Văn Phúc,407,1987-05-02,2017-05-02,Đại học Y Dược TP. Hồ Chí Minh,231180.70979899244
Lý Thị Thu,408,1966-04-26,1996-04-26,Trường Đại học Y Hà Nội,344284.383321602
Huỳnh Thị Ánh,409,1950-05-07,1980-05-07,Đại học Y khoa Phạm Ngọc Thạch,332507.547022269
Huỳnh Thị Yến,410,1974-01-30,2004-01-30,Đại học Y Dược Thái Nguyên,353226.37512414064
Vũ Văn Hải,411,1981-11-15,2011-11-15,Đại học Y Dược Huế,307807.9667510318
Đào Thị Ánh,412,1969-09-14,1999-09-14,Đại học Y Dược Cần Thơ,289158.42698454484
Lưu Văn Quân,413,1981-08-25,2011-08-25,Đại học Y Dược Huế,286496.9659892933
Đồng Thị Lan,414,1959-03-23,1989-03-23,Trường Đại học Y Hà Nội,283612.1948690731
Hồ Văn Hải,415,1960-05-25,1990-05-25,Trường Đại học Y Hà Nội,329432.0596102411
Đặng Thị Mai,416,1991-05-20,2021-05-20,Đại học Y Dược Hải Phòng,321368.1446851763
Vũ Thị Lan,417,1987-07-24,2017-07-24,Đại học Y Dược Huế,303606.7690030264
Huỳnh Văn Tài,418,1954-11-28,1984-11-28,Đại học Y Dược TP. Hồ Chí Minh,278334.56076219084
Võ Thị Uyên,419,1980-04-06,2010-04-06,Đại học Y Dược Huế,378876.37893900817
Vũ Thị Uyên,420,1959-07-09,1989-07-09,Trường Y Dược - Đại học Quốc gia Hà Nội,327371.2384188861
Nguyễn Thị Quỳnh,421,1959-05-11,1989-05-11,Trường Đại học Y khoa Vinh,252068.6424067977
Vũ Văn Quân,422,1954-07-04,1984-07-04,Đại học Y Dược Đà Nẵng,284512.3195218862
Lưu Văn Bình,423,1990-05-26,2020-05-26,Đại học Y Dược Cần Thơ,327953.2829222612
Đặng Văn Bình,424,1958-05-31,1988-05-31,Đại học Y Dược Cần Thơ,276013.83236301946
Lý Văn Dũng,425,1955-01-29,1985-01-29,Trường Đại học Y khoa Vinh,310546.4387647767
Võ Thị Hương,426,1962-10-07,1992-10-07,Trường Y Dược - Đại học Quốc gia Hà Nội,328523.88901008444
Dương Văn Bình,427,1967-11-02,1997-11-02,Trường Đại học Y Hà Nội,198347.15752030825
Lưu Thị Oanh,428,1957-06-01,1987-06-01,Đại học Y Dược Thái Nguyên,296758.86900632246
Phan Văn Nam,429,1982-01-07,2012-01-07,Đại học Y Dược Hải Phòng,297936.27460695367
Đặng Văn Hải,430,1976-01-29,2006-01-29,Đại học Y Dược Cần Thơ,287637.8263294863
Lưu Văn An,431,1967-09-05,1997-09-05,Đại học Y Dược Đà Nẵng,309050.8540483812
Phan Thị Hồng,432,1961-07-14,1991-07-14,Đại học Y Dược Thái Nguyên,319725.58822487626
Nguyễn Văn Oanh,433,1986-03-17,2016-03-17,Trường Y Dược - Đại học Quốc gia Hà Nội,304261.5283297383
Bùi Văn Quân,434,1971-10-28,2001-10-28,Đại học Y Dược TP. Hồ Chí Minh,288785.17817851703
Hồ Thị Dung,435,1954-06-14,1984-06-14,Đại học Y Dược Hải Phòng,318978.6389935281
Đồng Thị Hạnh,436,1978-03-29,2008-03-29,Đại học Y Dược Cần Thơ,301471.6022782307
Hoàng Văn Phúc,437,1971-10-31,2001-10-31,Đại học Y Dược Đà Nẵng,293078.98760413565
Võ Văn Long,438,1973-06-26,2003-06-26,Đại học Y Dược Cần Thơ,260631.6184398324
Phan Thị Dung,439,1972-02-05,2002-02-05,Đại học Y Dược Cần Thơ,253120.35644201768
Hoàng Văn Giang,440,1973-09-23,2003-09-23,Đại học Y Dược Cần Thơ,260063.1062185779
Lý Văn Tài,441,1959-11-10,1989-11-10,Đại học Y Dược Huế,308349.8718366065
Dương Thị Lan,442,1968-07-28,1998-07-28,Trường Y Dược - Đại học Quốc gia Hà Nội,297627.63757180946
Đào Văn Hùng,443,1986-03-19,2016-03-19,Đại học Y khoa Phạm Ngọc Thạch,255591.4770537761
Huỳnh Thị Uyên,444,1975-01-16,2005-01-16,Trường Y Dược - Đại học Quốc gia Hà Nội,319377.5347738143
Lý Thị Dung,445,1963-08-12,1993-08-12,Đại học Y Dược Cần Thơ,341229.28539537283
Ngô Văn Em,446,1986-12-08,2016-12-08,Trường Đại học Y khoa Vinh,282045.1914985099
Lý Văn Tài,447,1985-06-17,2015-06-17,Đại học Y Dược Cần Thơ,247770.5442789488
Đặng Thị Ánh,448,1983-09-17,2013-09-17,Đại học Y Dược Cần Thơ,278726.2084529426
Huỳnh Thị Quỳnh,449,1955-06-14,1985-06-14,Đại học Y Dược Cần Thơ,325633.81880384084
Dương Văn Nam,450,1964-07-05,1994-07-05,Đại học Y Dược Đà Nẵng,316455.8957560432
Huỳnh Văn Phúc,451,1985-08-02,2015-08-02,Đại học Y Dược Đà Nẵng,272327.0194196556
Trần Văn Nam,452,1986-11-20,2016-11-20,Đại học Y Dược Huế,345635.1641329423
Hồ Văn Oanh,453,1961-12-29,1991-12-29,Trường Đại học Y Hà Nội,340448.401977792
Phan Thị Lan,454,1963-01-10,1993-01-10,Đại học Y Dược TP. Hồ Chí Minh,278009.81810170074
Bùi Thị Ngọc,455,1978-06-18,2008-06-18,Đại học Y Dược Cần Thơ,277701.299911051
Huỳnh Văn Vinh,456,1994-06-20,2024-06-20,Đại học Y Dược Đà Nẵng,282215.1618786153
Hồ Thị Bình,457,1965-04-20,1995-04-20,Đại học Y Dược Cần Thơ,284780.01673834363
Đào Văn Hùng PhD,458,1963-07-16,1993-07-16,Đại học Y Dược Huế,328516.14023785334
Đào Thị Thu,459,1986-09-04,2016-09-04,Đại học Y Dược TP. Hồ Chí Minh,312759.8718142978
Đặng Thị Ngọc,460,1961-08-14,1991-08-14,Đại học Y Dược Thái Nguyên,326312.3630805176
Vũ Thị Ngọc,461,1977-02-24,2007-02-24,Đại học Y Dược Thái Nguyên,320206.954295601
Bùi Thị Mai,462,1977-05-03,2007-05-03,Đại học Y Dược Thái Nguyên,351435.812045812
Trần Văn Phúc,463,1954-10-26,1984-10-26,Đại học Y khoa Phạm Ngọc Thạch,268218.4336857258
Đỗ Văn Cường,464,1975-02-20,2005-02-20,Trường Đại học Y khoa Vinh,311410.7559115175
Đồng Văn Hải,465,1956-10-18,1986-10-18,Trường Đại học Y khoa Vinh,234785.36231295907
Bùi Thị Yến,466,1952-08-09,1982-08-09,Trường Đại học Y khoa Vinh,260491.33277709424
Đào Văn Sơn,467,1955-09-11,1985-09-11,Trường Y Dược - Đại học Quốc gia Hà Nội,297754.3984219546
Lưu Văn Bình,468,1957-06-10,1987-06-10,Trường Y Dược - Đại học Quốc gia Hà Nội,312546.19838263607
Dương Thị Uyên,469,1976-07-15,2006-07-15,Đại học Y Dược Đà Nẵng,296945.5277391129
Lê Thị Kim,470,1970-01-07,2000-01-07,Đại học Y Dược Thái Nguyên,282984.2274356196
Hoàng Thị Ngọc,471,1952-02-08,1982-02-08,Đại học Y Dược TP. Hồ Chí Minh,288317.46367520886
Nguyễn Văn Tài,472,1965-01-12,1995-01-12,Đại học Y khoa Phạm Ngọc Thạch,341083.2292927231
Huỳnh Thị Ngọc,473,1992-07-13,2022-07-13,Trường Đại học Y Hà Nội,288479.0346635958
Huỳnh Thị Lan,474,1968-03-12,1998-03-12,Đại học Y Dược Thái Nguyên,352477.2486613058
Phan Thị Cẩm,475,1964-04-29,1994-04-29,Đại học Y Dược Cần Thơ,323820.512206234
Võ Văn Bình,476,1981-06-12,2011-06-12,Đại học Y Dược Thái Nguyên,313726.1203844469
Võ Thị Hạnh,477,1965-11-15,1995-11-15,Đại học Y Dược TP. Hồ Chí Minh,264192.09269037016
Huỳnh Thị Kim,478,1983-10-17,2013-10-17,Đại học Y Dược Thái Nguyên,328057.1448419888
Phạm Thị Hạnh,479,1972-01-04,2002-01-04,Trường Đại học Y khoa Vinh,285186.882667545
Hồ Văn Hùng,480,1993-10-24,2023-10-24,Trường Đại học Y Hà Nội,264166.807259829
Hồ Văn Dũng,481,1985-10-31,2015-10-31,Đại học Y Dược Đà Nẵng,315385.3083923813
Phạm Văn Minh,482,1963-05-06,1993-05-06,Trường Đại học Y Hà Nội,258361.6181830038
Dương Văn An,483,1954-01-21,1984-01-21,Trường Y Dược - Đại học Quốc gia Hà Nội,277132.75613611256
Huỳnh Thị Oanh,484,1977-08-20,2007-08-20,Đại học Y Dược Cần Thơ,299696.52265593264
Phạm Văn Em,485,1989-06-27,2019-06-27,Đại học Y Dược TP. Hồ Chí Minh,366552.6427234418
Dương Thị Thu,486,1970-12-05,2000-12-05,Trường Đại học Y khoa Vinh,279392.52732622536
Phan Văn Minh,487,1993-01-03,2023-01-03,Đại học Y Dược Hải Phòng,286253.50442098273
Phạm Thị Vân,488,1980-11-10,2010-11-10,Đại học Y khoa Phạm Ngọc Thạch,321970.35163264937
Bùi Văn Giang,489,1984-07-01,2014-07-01,Trường Y Dược - Đại học Quốc gia Hà Nội,262851.1293487186
Trần Văn Sơn,490,1980-02-11,2010-02-11,Đại học Y Dược Thái Nguyên,313284.1914306275
Dương Thị Thu,491,1989-02-20,2019-02-20,Trường Đại học Y Hà Nội,336177.80422849767
Võ Văn Hùng,492,1979-04-01,2009-04-01,Đại học Y Dược TP. Hồ Chí Minh,290787.153458667
Lê Thị Kim,493,1994-11-06,2024-11-06,Trường Đại học Y Hà Nội,330784.62844190595
Võ Thị Lan,494,1973-04-29,2003-04-29,Trường Y Dược - Đại học Quốc gia Hà Nội,308743.49769635417
Hồ Thị Hoa,495,1959-01-14,1989-01-14,Đại học Y Dược Đà Nẵng,278079.5410858866
Đỗ Thị Yến,496,1968-05-28,1998-05-28,Trường Đại học Y Hà Nội,294065.8594231048
Ngô Thị Ánh,497,1969-10-06,1999-10-06,Đại học Y Dược TP. Hồ Chí Minh,288607.27980059275
Đồng Văn Tài,498,1958-05-13,1988-05-13,Trường Đại học Y Hà Nội,297370.8522655057
Vũ Văn Dũng,499,1987-03-03,2017-03-03,Đại học Y khoa Phạm Ngọc Thạch,304581.5369765948
